,money,country,city,response
92,0,Greece,Athen,38.888888888888886
93,0,Greece,Chania,50.0
94,0,Greece,Iraklio,31.818181818181817
95,0,Greece,Patra,40.90909090909091
96,0,Greece,Thessaloniki,29.166666666666668
447,1,Greece,Athen,37.77777777777778
448,1,Greece,Chania,88.88888888888889
449,1,Greece,Iraklio,54.54545454545455
450,1,Greece,Patra,62.5
451,1,Greece,Thessaloniki,65.21739130434783
