,money,country,city,response
113,0,Israel,ashdod,50.0
114,0,Israel,beersheba,36.36363636363637
115,0,Israel,haifa,42.42424242424242
116,0,Israel,jerusalem,45.09803921568628
117,0,Israel,netanya,41.666666666666664
118,0,Israel,tel aviv,42.42424242424242
468,1,Israel,ashdod,50.0
469,1,Israel,beersheba,45.45454545454545
470,1,Israel,haifa,43.75
471,1,Israel,jerusalem,46.0
472,1,Israel,netanya,46.15384615384615
473,1,Israel,tel aviv,64.70588235294117
